[{"model": "admin.logentry", "pk": 1, "fields": {"action_time": "2022-03-09T23:38:38.988Z", "user": 1, "content_type": 13, "object_id": "1", "object_repr": "Color: Black of Product: 1 - Mount  Genuine Leather Monk", "action_flag": 2, "change_message": "[{\"added\": {\"name\": \"product color image\", \"object\": \"Image: 1 of Color: Black of Product: 1 - Mount  Genuine Leather Monk\"}}, {\"added\": {\"name\": \"product color image\", \"object\": \"Image: 2 of Color: Black of Product: 1 - Mount  Genuine Leather Monk\"}}, {\"added\": {\"name\": \"product color image\", \"object\": \"Image: 3 of Color: Black of Product: 1 - Mount  Genuine Leather Monk\"}}, {\"added\": {\"name\": \"product color image\", \"object\": \"Image: 4 of Color: Black of Product: 1 - Mount  Genuine Leather Monk\"}}, {\"added\": {\"name\": \"product color image\", \"object\": \"Image: 5 of Color: Black of Product: 1 - Mount  Genuine Leather Monk\"}}]"}}, {"model": "admin.logentry", "pk": 2, "fields": {"action_time": "2022-03-09T23:39:08.586Z", "user": 1, "content_type": 13, "object_id": "2", "object_repr": "Color: Brown of Product: 1 - Mount  Genuine Leather Monk", "action_flag": 2, "change_message": "[{\"added\": {\"name\": \"product color image\", \"object\": \"Image: 6 of Color: Brown of Product: 1 - Mount  Genuine Leather Monk\"}}, {\"added\": {\"name\": \"product color image\", \"object\": \"Image: 7 of Color: Brown of Product: 1 - Mount  Genuine Leather Monk\"}}, {\"added\": {\"name\": \"product color image\", \"object\": \"Image: 8 of Color: Brown of Product: 1 - Mount  Genuine Leather Monk\"}}, {\"added\": {\"name\": \"product color image\", \"object\": \"Image: 9 of Color: Brown of Product: 1 - Mount  Genuine Leather Monk\"}}, {\"added\": {\"name\": \"product color image\", \"object\": \"Image: 10 of Color: Brown of Product: 1 - Mount  Genuine Leather Monk\"}}]"}}, {"model": "admin.logentry", "pk": 3, "fields": {"action_time": "2022-03-09T23:40:06.362Z", "user": 1, "content_type": 13, "object_id": "3", "object_repr": "Color: Black of Product: 2 - Mount  Genuine Leather Plain Toe Oxfords ", "action_flag": 2, "change_message": "[{\"added\": {\"name\": \"product color image\", \"object\": \"Image: 11 of Color: Black of Product: 2 - Mount  Genuine Leather Plain Toe Oxfords \"}}, {\"added\": {\"name\": \"product color image\", \"object\": \"Image: 12 of Color: Black of Product: 2 - Mount  Genuine Leather Plain Toe Oxfords \"}}, {\"added\": {\"name\": \"product color image\", \"object\": \"Image: 13 of Color: Black of Product: 2 - Mount  Genuine Leather Plain Toe Oxfords \"}}, {\"added\": {\"name\": \"product color image\", \"object\": \"Image: 14 of Color: Black of Product: 2 - Mount  Genuine Leather Plain Toe Oxfords \"}}, {\"added\": {\"name\": \"product color image\", \"object\": \"Image: 15 of Color: Black of Product: 2 - Mount  Genuine Leather Plain Toe Oxfords \"}}]"}}, {"model": "admin.logentry", "pk": 4, "fields": {"action_time": "2022-03-09T23:40:36.329Z", "user": 1, "content_type": 13, "object_id": "4", "object_repr": "Color: Brown of Product: 2 - Mount  Genuine Leather Plain Toe Oxfords ", "action_flag": 2, "change_message": "[{\"added\": {\"name\": \"product color image\", \"object\": \"Image: 16 of Color: Brown of Product: 2 - Mount  Genuine Leather Plain Toe Oxfords \"}}, {\"added\": {\"name\": \"product color image\", \"object\": \"Image: 17 of Color: Brown of Product: 2 - Mount  Genuine Leather Plain Toe Oxfords \"}}, {\"added\": {\"name\": \"product color image\", \"object\": \"Image: 18 of Color: Brown of Product: 2 - Mount  Genuine Leather Plain Toe Oxfords \"}}, {\"added\": {\"name\": \"product color image\", \"object\": \"Image: 19 of Color: Brown of Product: 2 - Mount  Genuine Leather Plain Toe Oxfords \"}}, {\"added\": {\"name\": \"product color image\", \"object\": \"Image: 20 of Color: Brown of Product: 2 - Mount  Genuine Leather Plain Toe Oxfords \"}}]"}}, {"model": "admin.logentry", "pk": 5, "fields": {"action_time": "2022-03-09T23:41:10.064Z", "user": 1, "content_type": 13, "object_id": "5", "object_repr": "Color: Black of Product: 3 - Mount  Genuine Leather Brogue Shoes", "action_flag": 2, "change_message": "[{\"added\": {\"name\": \"product color image\", \"object\": \"Image: 21 of Color: Black of Product: 3 - Mount  Genuine Leather Brogue Shoes\"}}, {\"added\": {\"name\": \"product color image\", \"object\": \"Image: 22 of Color: Black of Product: 3 - Mount  Genuine Leather Brogue Shoes\"}}, {\"added\": {\"name\": \"product color image\", \"object\": \"Image: 23 of Color: Black of Product: 3 - Mount  Genuine Leather Brogue Shoes\"}}, {\"added\": {\"name\": \"product color image\", \"object\": \"Image: 24 of Color: Black of Product: 3 - Mount  Genuine Leather Brogue Shoes\"}}, {\"added\": {\"name\": \"product color image\", \"object\": \"Image: 25 of Color: Black of Product: 3 - Mount  Genuine Leather Brogue Shoes\"}}]"}}, {"model": "admin.logentry", "pk": 6, "fields": {"action_time": "2022-03-09T23:41:40.924Z", "user": 1, "content_type": 13, "object_id": "6", "object_repr": "Color: Brown of Product: 3 - Mount  Genuine Leather Brogue Shoes", "action_flag": 2, "change_message": "[{\"added\": {\"name\": \"product color image\", \"object\": \"Image: 26 of Color: Brown of Product: 3 - Mount  Genuine Leather Brogue Shoes\"}}, {\"added\": {\"name\": \"product color image\", \"object\": \"Image: 27 of Color: Brown of Product: 3 - Mount  Genuine Leather Brogue Shoes\"}}, {\"added\": {\"name\": \"product color image\", \"object\": \"Image: 28 of Color: Brown of Product: 3 - Mount  Genuine Leather Brogue Shoes\"}}, {\"added\": {\"name\": \"product color image\", \"object\": \"Image: 29 of Color: Brown of Product: 3 - Mount  Genuine Leather Brogue Shoes\"}}, {\"added\": {\"name\": \"product color image\", \"object\": \"Image: 30 of Color: Brown of Product: 3 - Mount  Genuine Leather Brogue Shoes\"}}]"}}, {"model": "admin.logentry", "pk": 7, "fields": {"action_time": "2022-03-09T23:42:11.081Z", "user": 1, "content_type": 13, "object_id": "13", "object_repr": "Color: Havan of Product: 3 - Mount  Genuine Leather Brogue Shoes", "action_flag": 2, "change_message": "[{\"added\": {\"name\": \"product color image\", \"object\": \"Image: 31 of Color: Havan of Product: 3 - Mount  Genuine Leather Brogue Shoes\"}}, {\"added\": {\"name\": \"product color image\", \"object\": \"Image: 32 of Color: Havan of Product: 3 - Mount  Genuine Leather Brogue Shoes\"}}, {\"added\": {\"name\": \"product color image\", \"object\": \"Image: 33 of Color: Havan of Product: 3 - Mount  Genuine Leather Brogue Shoes\"}}, {\"added\": {\"name\": \"product color image\", \"object\": \"Image: 34 of Color: Havan of Product: 3 - Mount  Genuine Leather Brogue Shoes\"}}, {\"added\": {\"name\": \"product color image\", \"object\": \"Image: 35 of Color: Havan of Product: 3 - Mount  Genuine Leather Brogue Shoes\"}}]"}}, {"model": "admin.logentry", "pk": 8, "fields": {"action_time": "2022-03-09T23:42:45.034Z", "user": 1, "content_type": 13, "object_id": "7", "object_repr": "Color: Black of Product: 4 - Mount  Genuine Leather Moc Toe Loafers", "action_flag": 2, "change_message": "[{\"added\": {\"name\": \"product color image\", \"object\": \"Image: 36 of Color: Black of Product: 4 - Mount  Genuine Leather Moc Toe Loafers\"}}, {\"added\": {\"name\": \"product color image\", \"object\": \"Image: 37 of Color: Black of Product: 4 - Mount  Genuine Leather Moc Toe Loafers\"}}, {\"added\": {\"name\": \"product color image\", \"object\": \"Image: 38 of Color: Black of Product: 4 - Mount  Genuine Leather Moc Toe Loafers\"}}, {\"added\": {\"name\": \"product color image\", \"object\": \"Image: 39 of Color: Black of Product: 4 - Mount  Genuine Leather Moc Toe Loafers\"}}, {\"added\": {\"name\": \"product color image\", \"object\": \"Image: 40 of Color: Black of Product: 4 - Mount  Genuine Leather Moc Toe Loafers\"}}]"}}, {"model": "admin.logentry", "pk": 9, "fields": {"action_time": "2022-03-09T23:43:14.117Z", "user": 1, "content_type": 13, "object_id": "8", "object_repr": "Color: Brown of Product: 4 - Mount  Genuine Leather Moc Toe Loafers", "action_flag": 2, "change_message": "[{\"added\": {\"name\": \"product color image\", \"object\": \"Image: 41 of Color: Brown of Product: 4 - Mount  Genuine Leather Moc Toe Loafers\"}}, {\"added\": {\"name\": \"product color image\", \"object\": \"Image: 42 of Color: Brown of Product: 4 - Mount  Genuine Leather Moc Toe Loafers\"}}, {\"added\": {\"name\": \"product color image\", \"object\": \"Image: 43 of Color: Brown of Product: 4 - Mount  Genuine Leather Moc Toe Loafers\"}}, {\"added\": {\"name\": \"product color image\", \"object\": \"Image: 44 of Color: Brown of Product: 4 - Mount  Genuine Leather Moc Toe Loafers\"}}, {\"added\": {\"name\": \"product color image\", \"object\": \"Image: 45 of Color: Brown of Product: 4 - Mount  Genuine Leather Moc Toe Loafers\"}}]"}}, {"model": "admin.logentry", "pk": 10, "fields": {"action_time": "2022-03-09T23:43:51.360Z", "user": 1, "content_type": 13, "object_id": "9", "object_repr": "Color: Black of Product: 5 - Mount  Genuine leather Oxfords ", "action_flag": 2, "change_message": "[{\"added\": {\"name\": \"product color image\", \"object\": \"Image: 46 of Color: Black of Product: 5 - Mount  Genuine leather Oxfords \"}}, {\"added\": {\"name\": \"product color image\", \"object\": \"Image: 47 of Color: Black of Product: 5 - Mount  Genuine leather Oxfords \"}}, {\"added\": {\"name\": \"product color image\", \"object\": \"Image: 48 of Color: Black of Product: 5 - Mount  Genuine leather Oxfords \"}}, {\"added\": {\"name\": \"product color image\", \"object\": \"Image: 49 of Color: Black of Product: 5 - Mount  Genuine leather Oxfords \"}}, {\"added\": {\"name\": \"product color image\", \"object\": \"Image: 50 of Color: Black of Product: 5 - Mount  Genuine leather Oxfords \"}}]"}}, {"model": "admin.logentry", "pk": 11, "fields": {"action_time": "2022-03-09T23:44:21.426Z", "user": 1, "content_type": 13, "object_id": "10", "object_repr": "Color: Brown of Product: 5 - Mount  Genuine leather Oxfords ", "action_flag": 2, "change_message": "[{\"added\": {\"name\": \"product color image\", \"object\": \"Image: 51 of Color: Brown of Product: 5 - Mount  Genuine leather Oxfords \"}}, {\"added\": {\"name\": \"product color image\", \"object\": \"Image: 52 of Color: Brown of Product: 5 - Mount  Genuine leather Oxfords \"}}, {\"added\": {\"name\": \"product color image\", \"object\": \"Image: 53 of Color: Brown of Product: 5 - Mount  Genuine leather Oxfords \"}}, {\"added\": {\"name\": \"product color image\", \"object\": \"Image: 54 of Color: Brown of Product: 5 - Mount  Genuine leather Oxfords \"}}, {\"added\": {\"name\": \"product color image\", \"object\": \"Image: 55 of Color: Brown of Product: 5 - Mount  Genuine leather Oxfords \"}}]"}}, {"model": "admin.logentry", "pk": 12, "fields": {"action_time": "2022-03-09T23:45:02.934Z", "user": 1, "content_type": 13, "object_id": "14", "object_repr": "Color: Black Verni of Product: 5 - Mount  Genuine leather Oxfords ", "action_flag": 2, "change_message": "[{\"added\": {\"name\": \"product color image\", \"object\": \"Image: 56 of Color: Black Verni of Product: 5 - Mount  Genuine leather Oxfords \"}}, {\"added\": {\"name\": \"product color image\", \"object\": \"Image: 57 of Color: Black Verni of Product: 5 - Mount  Genuine leather Oxfords \"}}, {\"added\": {\"name\": \"product color image\", \"object\": \"Image: 58 of Color: Black Verni of Product: 5 - Mount  Genuine leather Oxfords \"}}, {\"added\": {\"name\": \"product color image\", \"object\": \"Image: 59 of Color: Black Verni of Product: 5 - Mount  Genuine leather Oxfords \"}}, {\"added\": {\"name\": \"product color image\", \"object\": \"Image: 60 of Color: Black Verni of Product: 5 - Mount  Genuine leather Oxfords \"}}]"}}, {"model": "admin.logentry", "pk": 13, "fields": {"action_time": "2022-03-09T23:45:41.061Z", "user": 1, "content_type": 13, "object_id": "11", "object_repr": "Color: Black of Product: 66 - Mount  Genuine Leather Cap Toe Derbys", "action_flag": 2, "change_message": "[{\"added\": {\"name\": \"product color image\", \"object\": \"Image: 61 of Color: Black of Product: 66 - Mount  Genuine Leather Cap Toe Derbys\"}}, {\"added\": {\"name\": \"product color image\", \"object\": \"Image: 62 of Color: Black of Product: 66 - Mount  Genuine Leather Cap Toe Derbys\"}}, {\"added\": {\"name\": \"product color image\", \"object\": \"Image: 63 of Color: Black of Product: 66 - Mount  Genuine Leather Cap Toe Derbys\"}}, {\"added\": {\"name\": \"product color image\", \"object\": \"Image: 64 of Color: Black of Product: 66 - Mount  Genuine Leather Cap Toe Derbys\"}}, {\"added\": {\"name\": \"product color image\", \"object\": \"Image: 65 of Color: Black of Product: 66 - Mount  Genuine Leather Cap Toe Derbys\"}}]"}}, {"model": "admin.logentry", "pk": 14, "fields": {"action_time": "2022-03-09T23:46:37.415Z", "user": 1, "content_type": 13, "object_id": "12", "object_repr": "Color: Brown of Product: 66 - Mount  Genuine Leather Cap Toe Derbys", "action_flag": 2, "change_message": "[{\"added\": {\"name\": \"product color image\", \"object\": \"Image: 66 of Color: Brown of Product: 66 - Mount  Genuine Leather Cap Toe Derbys\"}}, {\"added\": {\"name\": \"product color image\", \"object\": \"Image: 67 of Color: Brown of Product: 66 - Mount  Genuine Leather Cap Toe Derbys\"}}, {\"added\": {\"name\": \"product color image\", \"object\": \"Image: 68 of Color: Brown of Product: 66 - Mount  Genuine Leather Cap Toe Derbys\"}}, {\"added\": {\"name\": \"product color image\", \"object\": \"Image: 69 of Color: Brown of Product: 66 - Mount  Genuine Leather Cap Toe Derbys\"}}, {\"added\": {\"name\": \"product color image\", \"object\": \"Image: 70 of Color: Brown of Product: 66 - Mount  Genuine Leather Cap Toe Derbys\"}}]"}}, {"model": "admin.logentry", "pk": 15, "fields": {"action_time": "2022-03-09T23:48:11.790Z", "user": 1, "content_type": 13, "object_id": "16", "object_repr": "Color: Black Verni & Nubuck of Product: 77 - Mount Genuine leather Oxfords", "action_flag": 2, "change_message": "[{\"changed\": {\"fields\": [\"Product color\"]}}, {\"added\": {\"name\": \"product color image\", \"object\": \"Image: 71 of Color: Black Verni & Nubuck of Product: 77 - Mount Genuine leather Oxfords\"}}, {\"added\": {\"name\": \"product color image\", \"object\": \"Image: 72 of Color: Black Verni & Nubuck of Product: 77 - Mount Genuine leather Oxfords\"}}, {\"added\": {\"name\": \"product color image\", \"object\": \"Image: 73 of Color: Black Verni & Nubuck of Product: 77 - Mount Genuine leather Oxfords\"}}, {\"added\": {\"name\": \"product color image\", \"object\": \"Image: 74 of Color: Black Verni & Nubuck of Product: 77 - Mount Genuine leather Oxfords\"}}, {\"added\": {\"name\": \"product color image\", \"object\": \"Image: 75 of Color: Black Verni & Nubuck of Product: 77 - Mount Genuine leather Oxfords\"}}]"}}, {"model": "admin.logentry", "pk": 16, "fields": {"action_time": "2022-03-09T23:48:28.310Z", "user": 1, "content_type": 13, "object_id": "17", "object_repr": "Color: Nubuck of Product: 77 - Mount Genuine leather Oxfords", "action_flag": 3, "change_message": ""}}, {"model": "admin.logentry", "pk": 17, "fields": {"action_time": "2022-03-09T23:48:57.508Z", "user": 1, "content_type": 13, "object_id": "18", "object_repr": "Color: Black of Product: 8 - Mount  Suede Brogue Oxfords", "action_flag": 2, "change_message": "[{\"added\": {\"name\": \"product color image\", \"object\": \"Image: 76 of Color: Black of Product: 8 - Mount  Suede Brogue Oxfords\"}}, {\"added\": {\"name\": \"product color image\", \"object\": \"Image: 77 of Color: Black of Product: 8 - Mount  Suede Brogue Oxfords\"}}, {\"added\": {\"name\": \"product color image\", \"object\": \"Image: 78 of Color: Black of Product: 8 - Mount  Suede Brogue Oxfords\"}}, {\"added\": {\"name\": \"product color image\", \"object\": \"Image: 79 of Color: Black of Product: 8 - Mount  Suede Brogue Oxfords\"}}, {\"added\": {\"name\": \"product color image\", \"object\": \"Image: 80 of Color: Black of Product: 8 - Mount  Suede Brogue Oxfords\"}}]"}}, {"model": "admin.logentry", "pk": 18, "fields": {"action_time": "2022-03-09T23:49:24.471Z", "user": 1, "content_type": 13, "object_id": "19", "object_repr": "Color: Beige of Product: 8 - Mount  Suede Brogue Oxfords", "action_flag": 2, "change_message": "[{\"added\": {\"name\": \"product color image\", \"object\": \"Image: 81 of Color: Beige of Product: 8 - Mount  Suede Brogue Oxfords\"}}, {\"added\": {\"name\": \"product color image\", \"object\": \"Image: 82 of Color: Beige of Product: 8 - Mount  Suede Brogue Oxfords\"}}, {\"added\": {\"name\": \"product color image\", \"object\": \"Image: 83 of Color: Beige of Product: 8 - Mount  Suede Brogue Oxfords\"}}, {\"added\": {\"name\": \"product color image\", \"object\": \"Image: 84 of Color: Beige of Product: 8 - Mount  Suede Brogue Oxfords\"}}, {\"added\": {\"name\": \"product color image\", \"object\": \"Image: 85 of Color: Beige of Product: 8 - Mount  Suede Brogue Oxfords\"}}]"}}, {"model": "admin.logentry", "pk": 19, "fields": {"action_time": "2022-03-10T00:14:19.486Z", "user": 1, "content_type": 9, "object_id": "1", "object_repr": "Area: 1 - القاهرة والجيزة", "action_flag": 1, "change_message": "[{\"added\": {}}]"}}, {"model": "admin.logentry", "pk": 20, "fields": {"action_time": "2022-03-10T00:15:09.345Z", "user": 1, "content_type": 9, "object_id": "2", "object_repr": "Area: 2 - أكتوبر - التجمعات - الشروق - العبور - الرحاب - أكراف القاهرة والجيزة", "action_flag": 1, "change_message": "[{\"added\": {}}]"}}, {"model": "admin.logentry", "pk": 21, "fields": {"action_time": "2022-03-10T00:15:19.329Z", "user": 1, "content_type": 9, "object_id": "2", "object_repr": "Area: 2 - أكتوبر - التجمعات - الشروق - العبور - الرحاب - أطراف القاهرة والجيزة", "action_flag": 2, "change_message": "[{\"changed\": {\"fields\": [\"Area name\"]}}]"}}, {"model": "admin.logentry", "pk": 22, "fields": {"action_time": "2022-03-10T00:16:03.097Z", "user": 1, "content_type": 9, "object_id": "3", "object_repr": "Area: 3 - دمياط - القليوبية - المنوفية - الغربية - طنطا - الدقهلية - كفر الشيخ", "action_flag": 1, "change_message": "[{\"added\": {}}]"}}, {"model": "admin.logentry", "pk": 23, "fields": {"action_time": "2022-03-10T00:16:16.674Z", "user": 1, "content_type": 9, "object_id": "4", "object_repr": "Area: 4 - الاسكندرية - البحيرة", "action_flag": 1, "change_message": "[{\"added\": {}}]"}}, {"model": "admin.logentry", "pk": 24, "fields": {"action_time": "2022-03-10T00:16:42.707Z", "user": 1, "content_type": 9, "object_id": "5", "object_repr": "Area: 5 - الشرقية - السويس - الاسماعيلية - بورسعيد", "action_flag": 1, "change_message": "[{\"added\": {}}]"}}, {"model": "admin.logentry", "pk": 25, "fields": {"action_time": "2022-03-10T00:16:52.217Z", "user": 1, "content_type": 9, "object_id": "6", "object_repr": "Area: 6 - الفيوم - بني سويف", "action_flag": 1, "change_message": "[{\"added\": {}}]"}}, {"model": "admin.logentry", "pk": 26, "fields": {"action_time": "2022-03-10T00:17:07.881Z", "user": 1, "content_type": 9, "object_id": "7", "object_repr": "Area: 7 - المنيا - أسيوط - سوهاج", "action_flag": 1, "change_message": "[{\"added\": {}}]"}}, {"model": "admin.logentry", "pk": 27, "fields": {"action_time": "2022-03-10T00:17:43.519Z", "user": 1, "content_type": 9, "object_id": "8", "object_repr": "Area: 8 - مرسى مطروح - مارينا - الساحل الشمالي - العين السخنة", "action_flag": 1, "change_message": "[{\"added\": {}}]"}}, {"model": "admin.logentry", "pk": 28, "fields": {"action_time": "2022-03-10T00:18:20.483Z", "user": 1, "content_type": 9, "object_id": "9", "object_repr": "Area: 9 - قنا - الأقصر - أسوان - الغردقة - شرم الشيخ", "action_flag": 1, "change_message": "[{\"added\": {}}]"}}, {"model": "admin.logentry", "pk": 29, "fields": {"action_time": "2022-03-10T00:19:04.676Z", "user": 1, "content_type": 9, "object_id": "10", "object_repr": "Area: 10 - سفاجا - القصير - رأس غارب - مكادى - الممشى السياحي", "action_flag": 1, "change_message": "[{\"added\": {}}]"}}, {"model": "admin.logentry", "pk": 30, "fields": {"action_time": "2022-03-10T00:19:53.154Z", "user": 1, "content_type": 9, "object_id": "11", "object_repr": "Area: 11 - سوما باي - سهل حشيش - الطور - دهب - نويبع - مرسى علم", "action_flag": 1, "change_message": "[{\"added\": {}}]"}}, {"model": "admin.logentry", "pk": 31, "fields": {"action_time": "2022-03-10T00:20:02.685Z", "user": 1, "content_type": 9, "object_id": "12", "object_repr": "Area: 12 - الواحات الخارجة", "action_flag": 1, "change_message": "[{\"added\": {}}]"}}, {"model": "admin.logentry", "pk": 32, "fields": {"action_time": "2022-03-10T22:59:37.519Z", "user": 1, "content_type": 13, "object_id": "15", "object_repr": "Color: Brown of Product: 55 - Mount Genuine leather Oxfords", "action_flag": 2, "change_message": "[{\"added\": {\"name\": \"product color image\", \"object\": \"Image: 86 of Color: Brown of Product: 55 - Mount Genuine leather Oxfords\"}}, {\"added\": {\"name\": \"product color image\", \"object\": \"Image: 87 of Color: Brown of Product: 55 - Mount Genuine leather Oxfords\"}}, {\"added\": {\"name\": \"product color image\", \"object\": \"Image: 88 of Color: Brown of Product: 55 - Mount Genuine leather Oxfords\"}}, {\"added\": {\"name\": \"product color image\", \"object\": \"Image: 89 of Color: Brown of Product: 55 - Mount Genuine leather Oxfords\"}}, {\"added\": {\"name\": \"product color image\", \"object\": \"Image: 90 of Color: Brown of Product: 55 - Mount Genuine leather Oxfords\"}}]"}}, {"model": "admin.logentry", "pk": 33, "fields": {"action_time": "2022-03-16T20:54:54.549Z", "user": 2, "content_type": 17, "object_id": "1", "object_repr": "Image: 1 of Color: Black of Product: 1 - Mount  Genuine Leather Monk", "action_flag": 2, "change_message": "[{\"changed\": {\"fields\": [\"Product image color\"]}}]"}}, {"model": "admin.logentry", "pk": 34, "fields": {"action_time": "2022-03-16T20:56:57.910Z", "user": 2, "content_type": 17, "object_id": "5", "object_repr": "Image: 5 of Color: Black of Product: 1 - Mount  Genuine Leather Monk", "action_flag": 2, "change_message": "[{\"changed\": {\"fields\": [\"Product image color\"]}}]"}}, {"model": "admin.logentry", "pk": 35, "fields": {"action_time": "2022-03-16T21:02:49.032Z", "user": 2, "content_type": 17, "object_id": "1", "object_repr": "Image: 1 of Color: Black of Product: 1 - Mount  Genuine Leather Monk", "action_flag": 2, "change_message": "[{\"changed\": {\"fields\": [\"Product image color\"]}}]"}}, {"model": "admin.logentry", "pk": 36, "fields": {"action_time": "2022-03-16T21:03:24.611Z", "user": 2, "content_type": 17, "object_id": "5", "object_repr": "Image: 5 of Color: Black of Product: 1 - Mount  Genuine Leather Monk", "action_flag": 2, "change_message": "[{\"changed\": {\"fields\": [\"Product image color\"]}}]"}}, {"model": "admin.logentry", "pk": 37, "fields": {"action_time": "2022-03-16T21:04:34.742Z", "user": 2, "content_type": 17, "object_id": "6", "object_repr": "Image: 6 of Color: Brown of Product: 1 - Mount  Genuine Leather Monk", "action_flag": 2, "change_message": "[{\"changed\": {\"fields\": [\"Product image color\"]}}]"}}, {"model": "admin.logentry", "pk": 38, "fields": {"action_time": "2022-03-16T21:05:14.168Z", "user": 2, "content_type": 17, "object_id": "9", "object_repr": "Image: 9 of Color: Brown of Product: 1 - Mount  Genuine Leather Monk", "action_flag": 2, "change_message": "[{\"changed\": {\"fields\": [\"Product image color\"]}}]"}}, {"model": "admin.logentry", "pk": 39, "fields": {"action_time": "2022-03-16T21:06:13.282Z", "user": 2, "content_type": 17, "object_id": "6", "object_repr": "Image: 6 of Color: Brown of Product: 1 - Mount  Genuine Leather Monk", "action_flag": 2, "change_message": "[{\"changed\": {\"fields\": [\"Product image color\"]}}]"}}, {"model": "admin.logentry", "pk": 40, "fields": {"action_time": "2022-03-16T21:14:00.614Z", "user": 2, "content_type": 17, "object_id": "1", "object_repr": "Image: 1 of Color: Black of Product: 1 - Mount  Genuine Leather Monk", "action_flag": 2, "change_message": "[{\"changed\": {\"fields\": [\"Product image color\"]}}]"}}, {"model": "admin.logentry", "pk": 41, "fields": {"action_time": "2022-03-16T21:14:25.407Z", "user": 2, "content_type": 17, "object_id": "5", "object_repr": "Image: 5 of Color: Black of Product: 1 - Mount  Genuine Leather Monk", "action_flag": 2, "change_message": "[{\"changed\": {\"fields\": [\"Product image color\"]}}]"}}, {"model": "admin.logentry", "pk": 42, "fields": {"action_time": "2022-03-16T21:17:47.248Z", "user": 2, "content_type": 17, "object_id": "11", "object_repr": "Image: 11 of Color: Black of Product: 2 - Mount  Genuine Leather Plain Toe Oxfords ", "action_flag": 2, "change_message": "[{\"changed\": {\"fields\": [\"Product image color\"]}}]"}}, {"model": "admin.logentry", "pk": 43, "fields": {"action_time": "2022-03-16T21:18:28.852Z", "user": 2, "content_type": 17, "object_id": "13", "object_repr": "Image: 13 of Color: Black of Product: 2 - Mount  Genuine Leather Plain Toe Oxfords ", "action_flag": 2, "change_message": "[{\"changed\": {\"fields\": [\"Product image color\"]}}]"}}, {"model": "admin.logentry", "pk": 44, "fields": {"action_time": "2022-03-16T21:18:55.490Z", "user": 2, "content_type": 17, "object_id": "15", "object_repr": "Image: 15 of Color: Black of Product: 2 - Mount  Genuine Leather Plain Toe Oxfords ", "action_flag": 2, "change_message": "[{\"changed\": {\"fields\": [\"Product image color\"]}}]"}}, {"model": "admin.logentry", "pk": 45, "fields": {"action_time": "2022-03-16T21:20:09.890Z", "user": 2, "content_type": 17, "object_id": "16", "object_repr": "Image: 16 of Color: Brown of Product: 2 - Mount  Genuine Leather Plain Toe Oxfords ", "action_flag": 2, "change_message": "[{\"changed\": {\"fields\": [\"Product image color\"]}}]"}}, {"model": "admin.logentry", "pk": 46, "fields": {"action_time": "2022-03-16T21:20:33.641Z", "user": 2, "content_type": 17, "object_id": "18", "object_repr": "Image: 18 of Color: Brown of Product: 2 - Mount  Genuine Leather Plain Toe Oxfords ", "action_flag": 2, "change_message": "[{\"changed\": {\"fields\": [\"Product image color\"]}}]"}}, {"model": "admin.logentry", "pk": 47, "fields": {"action_time": "2022-03-16T21:21:04.190Z", "user": 2, "content_type": 17, "object_id": "20", "object_repr": "Image: 20 of Color: Brown of Product: 2 - Mount  Genuine Leather Plain Toe Oxfords ", "action_flag": 2, "change_message": "[{\"changed\": {\"fields\": [\"Product image color\"]}}]"}}, {"model": "admin.logentry", "pk": 48, "fields": {"action_time": "2022-03-16T21:25:57.535Z", "user": 2, "content_type": 17, "object_id": "21", "object_repr": "Image: 21 of Color: Black of Product: 3 - Mount  Genuine Leather Brogue Shoes", "action_flag": 2, "change_message": "[{\"changed\": {\"fields\": [\"Product image color\"]}}]"}}, {"model": "admin.logentry", "pk": 49, "fields": {"action_time": "2022-03-16T21:26:50.618Z", "user": 2, "content_type": 17, "object_id": "23", "object_repr": "Image: 23 of Color: Black of Product: 3 - Mount  Genuine Leather Brogue Shoes", "action_flag": 2, "change_message": "[{\"changed\": {\"fields\": [\"Product image color\"]}}]"}}, {"model": "admin.logentry", "pk": 50, "fields": {"action_time": "2022-03-16T21:27:47.384Z", "user": 2, "content_type": 17, "object_id": "25", "object_repr": "Image: 25 of Color: Black of Product: 3 - Mount  Genuine Leather Brogue Shoes", "action_flag": 2, "change_message": "[{\"changed\": {\"fields\": [\"Product image color\"]}}]"}}, {"model": "admin.logentry", "pk": 51, "fields": {"action_time": "2022-03-16T21:29:44.725Z", "user": 2, "content_type": 17, "object_id": "26", "object_repr": "Image: 26 of Color: Brown of Product: 3 - Mount  Genuine Leather Brogue Shoes", "action_flag": 2, "change_message": "[{\"changed\": {\"fields\": [\"Product image color\"]}}]"}}, {"model": "admin.logentry", "pk": 52, "fields": {"action_time": "2022-03-16T21:30:11.818Z", "user": 2, "content_type": 17, "object_id": "28", "object_repr": "Image: 28 of Color: Brown of Product: 3 - Mount  Genuine Leather Brogue Shoes", "action_flag": 2, "change_message": "[{\"changed\": {\"fields\": [\"Product image color\"]}}]"}}, {"model": "admin.logentry", "pk": 53, "fields": {"action_time": "2022-03-16T21:30:39.903Z", "user": 2, "content_type": 17, "object_id": "30", "object_repr": "Image: 30 of Color: Brown of Product: 3 - Mount  Genuine Leather Brogue Shoes", "action_flag": 2, "change_message": "[{\"changed\": {\"fields\": [\"Product image color\"]}}]"}}, {"model": "admin.logentry", "pk": 54, "fields": {"action_time": "2022-03-16T21:32:30.181Z", "user": 2, "content_type": 17, "object_id": "31", "object_repr": "Image: 31 of Color: Havan of Product: 3 - Mount  Genuine Leather Brogue Shoes", "action_flag": 2, "change_message": "[{\"changed\": {\"fields\": [\"Product image color\"]}}]"}}, {"model": "admin.logentry", "pk": 55, "fields": {"action_time": "2022-03-16T21:33:06.934Z", "user": 2, "content_type": 17, "object_id": "33", "object_repr": "Image: 33 of Color: Havan of Product: 3 - Mount  Genuine Leather Brogue Shoes", "action_flag": 2, "change_message": "[{\"changed\": {\"fields\": [\"Product image color\"]}}]"}}, {"model": "admin.logentry", "pk": 56, "fields": {"action_time": "2022-03-16T21:33:21.979Z", "user": 2, "content_type": 17, "object_id": "35", "object_repr": "Image: 35 of Color: Havan of Product: 3 - Mount  Genuine Leather Brogue Shoes", "action_flag": 2, "change_message": "[{\"changed\": {\"fields\": [\"Product image color\"]}}]"}}, {"model": "admin.logentry", "pk": 57, "fields": {"action_time": "2022-03-16T21:35:38.922Z", "user": 2, "content_type": 17, "object_id": "36", "object_repr": "Image: 36 of Color: Black of Product: 4 - Mount  Genuine Leather Moc Toe Loafers", "action_flag": 2, "change_message": "[{\"changed\": {\"fields\": [\"Product image color\"]}}]"}}, {"model": "admin.logentry", "pk": 58, "fields": {"action_time": "2022-03-16T21:36:03.572Z", "user": 2, "content_type": 17, "object_id": "39", "object_repr": "Image: 39 of Color: Black of Product: 4 - Mount  Genuine Leather Moc Toe Loafers", "action_flag": 2, "change_message": "[{\"changed\": {\"fields\": [\"Product image color\"]}}]"}}, {"model": "admin.logentry", "pk": 59, "fields": {"action_time": "2022-03-16T21:37:31.799Z", "user": 2, "content_type": 17, "object_id": "41", "object_repr": "Image: 41 of Color: Brown of Product: 4 - Mount  Genuine Leather Moc Toe Loafers", "action_flag": 2, "change_message": "[{\"changed\": {\"fields\": [\"Product image color\"]}}]"}}, {"model": "admin.logentry", "pk": 60, "fields": {"action_time": "2022-03-16T21:37:54.073Z", "user": 2, "content_type": 17, "object_id": "44", "object_repr": "Image: 44 of Color: Brown of Product: 4 - Mount  Genuine Leather Moc Toe Loafers", "action_flag": 2, "change_message": "[{\"changed\": {\"fields\": [\"Product image color\"]}}]"}}, {"model": "admin.logentry", "pk": 61, "fields": {"action_time": "2022-03-16T21:40:21.212Z", "user": 2, "content_type": 17, "object_id": "46", "object_repr": "Image: 46 of Color: Black of Product: 5 - Mount  Genuine leather Oxfords ", "action_flag": 2, "change_message": "[{\"changed\": {\"fields\": [\"Product image color\"]}}]"}}, {"model": "admin.logentry", "pk": 62, "fields": {"action_time": "2022-03-16T21:40:49.544Z", "user": 2, "content_type": 17, "object_id": "48", "object_repr": "Image: 48 of Color: Black of Product: 5 - Mount  Genuine leather Oxfords ", "action_flag": 2, "change_message": "[{\"changed\": {\"fields\": [\"Product image color\"]}}]"}}, {"model": "admin.logentry", "pk": 63, "fields": {"action_time": "2022-03-16T21:43:28.026Z", "user": 2, "content_type": 17, "object_id": "56", "object_repr": "Image: 56 of Color: Black Verni of Product: 5 - Mount  Genuine leather Oxfords ", "action_flag": 2, "change_message": "[{\"changed\": {\"fields\": [\"Product image color\"]}}]"}}, {"model": "admin.logentry", "pk": 64, "fields": {"action_time": "2022-03-16T21:43:52.200Z", "user": 2, "content_type": 17, "object_id": "58", "object_repr": "Image: 58 of Color: Black Verni of Product: 5 - Mount  Genuine leather Oxfords ", "action_flag": 2, "change_message": "[{\"changed\": {\"fields\": [\"Product image color\"]}}]"}}, {"model": "admin.logentry", "pk": 65, "fields": {"action_time": "2022-03-16T21:45:22.724Z", "user": 2, "content_type": 17, "object_id": "51", "object_repr": "Image: 51 of Color: Brown of Product: 5 - Mount  Genuine leather Oxfords ", "action_flag": 2, "change_message": "[{\"changed\": {\"fields\": [\"Product image color\"]}}]"}}, {"model": "admin.logentry", "pk": 66, "fields": {"action_time": "2022-03-16T21:46:01.776Z", "user": 2, "content_type": 17, "object_id": "52", "object_repr": "Image: 52 of Color: Brown of Product: 5 - Mount  Genuine leather Oxfords ", "action_flag": 2, "change_message": "[{\"changed\": {\"fields\": [\"Product image color\"]}}]"}}, {"model": "admin.logentry", "pk": 67, "fields": {"action_time": "2022-03-16T21:47:14.258Z", "user": 2, "content_type": 17, "object_id": "81", "object_repr": "Image: 81 of Color: Beige of Product: 8 - Mount  Suede Brogue Oxfords", "action_flag": 2, "change_message": "[{\"changed\": {\"fields\": [\"Product image color\"]}}]"}}, {"model": "admin.logentry", "pk": 68, "fields": {"action_time": "2022-03-16T21:47:40.455Z", "user": 2, "content_type": 17, "object_id": "83", "object_repr": "Image: 83 of Color: Beige of Product: 8 - Mount  Suede Brogue Oxfords", "action_flag": 2, "change_message": "[{\"changed\": {\"fields\": [\"Product image color\"]}}]"}}, {"model": "admin.logentry", "pk": 69, "fields": {"action_time": "2022-03-16T21:48:40.295Z", "user": 2, "content_type": 17, "object_id": "76", "object_repr": "Image: 76 of Color: Black of Product: 8 - Mount  Suede Brogue Oxfords", "action_flag": 2, "change_message": "[{\"changed\": {\"fields\": [\"Product image color\"]}}]"}}, {"model": "admin.logentry", "pk": 70, "fields": {"action_time": "2022-03-16T21:49:22.563Z", "user": 2, "content_type": 17, "object_id": "78", "object_repr": "Image: 78 of Color: Black of Product: 8 - Mount  Suede Brogue Oxfords", "action_flag": 2, "change_message": "[{\"changed\": {\"fields\": [\"Product image color\"]}}]"}}, {"model": "admin.logentry", "pk": 71, "fields": {"action_time": "2022-03-16T21:53:03.751Z", "user": 2, "content_type": 17, "object_id": "86", "object_repr": "Image: 86 of Color: Brown of Product: 55 - Mount Genuine leather Oxfords", "action_flag": 2, "change_message": "[{\"changed\": {\"fields\": [\"Product image color\"]}}]"}}, {"model": "admin.logentry", "pk": 72, "fields": {"action_time": "2022-03-16T21:53:21.167Z", "user": 2, "content_type": 17, "object_id": "88", "object_repr": "Image: 88 of Color: Brown of Product: 55 - Mount Genuine leather Oxfords", "action_flag": 2, "change_message": "[{\"changed\": {\"fields\": [\"Product image color\"]}}]"}}, {"model": "admin.logentry", "pk": 73, "fields": {"action_time": "2022-03-16T21:54:51.794Z", "user": 2, "content_type": 17, "object_id": "61", "object_repr": "Image: 61 of Color: Black of Product: 66 - Mount  Genuine Leather Cap Toe Derbys", "action_flag": 2, "change_message": "[{\"changed\": {\"fields\": [\"Product image color\"]}}]"}}, {"model": "admin.logentry", "pk": 74, "fields": {"action_time": "2022-03-16T21:55:11.863Z", "user": 2, "content_type": 17, "object_id": "63", "object_repr": "Image: 63 of Color: Black of Product: 66 - Mount  Genuine Leather Cap Toe Derbys", "action_flag": 2, "change_message": "[{\"changed\": {\"fields\": [\"Product image color\"]}}]"}}, {"model": "admin.logentry", "pk": 75, "fields": {"action_time": "2022-03-16T21:57:12.935Z", "user": 2, "content_type": 17, "object_id": "66", "object_repr": "Image: 66 of Color: Brown of Product: 66 - Mount  Genuine Leather Cap Toe Derbys", "action_flag": 2, "change_message": "[{\"changed\": {\"fields\": [\"Product image color\"]}}]"}}, {"model": "admin.logentry", "pk": 76, "fields": {"action_time": "2022-03-16T21:57:34.964Z", "user": 2, "content_type": 17, "object_id": "68", "object_repr": "Image: 68 of Color: Brown of Product: 66 - Mount  Genuine Leather Cap Toe Derbys", "action_flag": 2, "change_message": "[{\"changed\": {\"fields\": [\"Product image color\"]}}]"}}, {"model": "admin.logentry", "pk": 77, "fields": {"action_time": "2022-03-16T21:59:10.904Z", "user": 2, "content_type": 17, "object_id": "71", "object_repr": "Image: 71 of Color: Black Verni & Nubuck of Product: 77 - Mount Genuine leather Oxfords", "action_flag": 2, "change_message": "[{\"changed\": {\"fields\": [\"Product image color\"]}}]"}}, {"model": "admin.logentry", "pk": 78, "fields": {"action_time": "2022-03-16T21:59:36.668Z", "user": 2, "content_type": 17, "object_id": "73", "object_repr": "Image: 73 of Color: Black Verni & Nubuck of Product: 77 - Mount Genuine leather Oxfords", "action_flag": 2, "change_message": "[{\"changed\": {\"fields\": [\"Product image color\"]}}]"}}, {"model": "auth.permission", "pk": 1, "fields": {"name": "Can add log entry", "content_type": 1, "codename": "add_logentry"}}, {"model": "auth.permission", "pk": 2, "fields": {"name": "Can change log entry", "content_type": 1, "codename": "change_logentry"}}, {"model": "auth.permission", "pk": 3, "fields": {"name": "Can delete log entry", "content_type": 1, "codename": "delete_logentry"}}, {"model": "auth.permission", "pk": 4, "fields": {"name": "Can view log entry", "content_type": 1, "codename": "view_logentry"}}, {"model": "auth.permission", "pk": 5, "fields": {"name": "Can add permission", "content_type": 2, "codename": "add_permission"}}, {"model": "auth.permission", "pk": 6, "fields": {"name": "Can change permission", "content_type": 2, "codename": "change_permission"}}, {"model": "auth.permission", "pk": 7, "fields": {"name": "Can delete permission", "content_type": 2, "codename": "delete_permission"}}, {"model": "auth.permission", "pk": 8, "fields": {"name": "Can view permission", "content_type": 2, "codename": "view_permission"}}, {"model": "auth.permission", "pk": 9, "fields": {"name": "Can add group", "content_type": 3, "codename": "add_group"}}, {"model": "auth.permission", "pk": 10, "fields": {"name": "Can change group", "content_type": 3, "codename": "change_group"}}, {"model": "auth.permission", "pk": 11, "fields": {"name": "Can delete group", "content_type": 3, "codename": "delete_group"}}, {"model": "auth.permission", "pk": 12, "fields": {"name": "Can view group", "content_type": 3, "codename": "view_group"}}, {"model": "auth.permission", "pk": 13, "fields": {"name": "Can add content type", "content_type": 4, "codename": "add_contenttype"}}, {"model": "auth.permission", "pk": 14, "fields": {"name": "Can change content type", "content_type": 4, "codename": "change_contenttype"}}, {"model": "auth.permission", "pk": 15, "fields": {"name": "Can delete content type", "content_type": 4, "codename": "delete_contenttype"}}, {"model": "auth.permission", "pk": 16, "fields": {"name": "Can view content type", "content_type": 4, "codename": "view_contenttype"}}, {"model": "auth.permission", "pk": 17, "fields": {"name": "Can add session", "content_type": 5, "codename": "add_session"}}, {"model": "auth.permission", "pk": 18, "fields": {"name": "Can change session", "content_type": 5, "codename": "change_session"}}, {"model": "auth.permission", "pk": 19, "fields": {"name": "Can delete session", "content_type": 5, "codename": "delete_session"}}, {"model": "auth.permission", "pk": 20, "fields": {"name": "Can view session", "content_type": 5, "codename": "view_session"}}, {"model": "auth.permission", "pk": 21, "fields": {"name": "Can add auth token", "content_type": 6, "codename": "add_authtoken"}}, {"model": "auth.permission", "pk": 22, "fields": {"name": "Can change auth token", "content_type": 6, "codename": "change_authtoken"}}, {"model": "auth.permission", "pk": 23, "fields": {"name": "Can delete auth token", "content_type": 6, "codename": "delete_authtoken"}}, {"model": "auth.permission", "pk": 24, "fields": {"name": "Can view auth token", "content_type": 6, "codename": "view_authtoken"}}, {"model": "auth.permission", "pk": 25, "fields": {"name": "Can add Password Reset Token", "content_type": 7, "codename": "add_resetpasswordtoken"}}, {"model": "auth.permission", "pk": 26, "fields": {"name": "Can change Password Reset Token", "content_type": 7, "codename": "change_resetpasswordtoken"}}, {"model": "auth.permission", "pk": 27, "fields": {"name": "Can delete Password Reset Token", "content_type": 7, "codename": "delete_resetpasswordtoken"}}, {"model": "auth.permission", "pk": 28, "fields": {"name": "Can view Password Reset Token", "content_type": 7, "codename": "view_resetpasswordtoken"}}, {"model": "auth.permission", "pk": 29, "fields": {"name": "Can add user", "content_type": 8, "codename": "add_user"}}, {"model": "auth.permission", "pk": 30, "fields": {"name": "Can change user", "content_type": 8, "codename": "change_user"}}, {"model": "auth.permission", "pk": 31, "fields": {"name": "Can delete user", "content_type": 8, "codename": "delete_user"}}, {"model": "auth.permission", "pk": 32, "fields": {"name": "Can view user", "content_type": 8, "codename": "view_user"}}, {"model": "auth.permission", "pk": 33, "fields": {"name": "Can add delivery area", "content_type": 9, "codename": "add_deliveryarea"}}, {"model": "auth.permission", "pk": 34, "fields": {"name": "Can change delivery area", "content_type": 9, "codename": "change_deliveryarea"}}, {"model": "auth.permission", "pk": 35, "fields": {"name": "Can delete delivery area", "content_type": 9, "codename": "delete_deliveryarea"}}, {"model": "auth.permission", "pk": 36, "fields": {"name": "Can view delivery area", "content_type": 9, "codename": "view_deliveryarea"}}, {"model": "auth.permission", "pk": 37, "fields": {"name": "Can add order", "content_type": 10, "codename": "add_order"}}, {"model": "auth.permission", "pk": 38, "fields": {"name": "Can change order", "content_type": 10, "codename": "change_order"}}, {"model": "auth.permission", "pk": 39, "fields": {"name": "Can delete order", "content_type": 10, "codename": "delete_order"}}, {"model": "auth.permission", "pk": 40, "fields": {"name": "Can view order", "content_type": 10, "codename": "view_order"}}, {"model": "auth.permission", "pk": 41, "fields": {"name": "Can add order item", "content_type": 11, "codename": "add_orderitem"}}, {"model": "auth.permission", "pk": 42, "fields": {"name": "Can change order item", "content_type": 11, "codename": "change_orderitem"}}, {"model": "auth.permission", "pk": 43, "fields": {"name": "Can delete order item", "content_type": 11, "codename": "delete_orderitem"}}, {"model": "auth.permission", "pk": 44, "fields": {"name": "Can view order item", "content_type": 11, "codename": "view_orderitem"}}, {"model": "auth.permission", "pk": 45, "fields": {"name": "Can add product", "content_type": 12, "codename": "add_product"}}, {"model": "auth.permission", "pk": 46, "fields": {"name": "Can change product", "content_type": 12, "codename": "change_product"}}, {"model": "auth.permission", "pk": 47, "fields": {"name": "Can delete product", "content_type": 12, "codename": "delete_product"}}, {"model": "auth.permission", "pk": 48, "fields": {"name": "Can view product", "content_type": 12, "codename": "view_product"}}, {"model": "auth.permission", "pk": 49, "fields": {"name": "Can add product color", "content_type": 13, "codename": "add_productcolor"}}, {"model": "auth.permission", "pk": 50, "fields": {"name": "Can change product color", "content_type": 13, "codename": "change_productcolor"}}, {"model": "auth.permission", "pk": 51, "fields": {"name": "Can delete product color", "content_type": 13, "codename": "delete_productcolor"}}, {"model": "auth.permission", "pk": 52, "fields": {"name": "Can view product color", "content_type": 13, "codename": "view_productcolor"}}, {"model": "auth.permission", "pk": 53, "fields": {"name": "Can add size", "content_type": 14, "codename": "add_size"}}, {"model": "auth.permission", "pk": 54, "fields": {"name": "Can change size", "content_type": 14, "codename": "change_size"}}, {"model": "auth.permission", "pk": 55, "fields": {"name": "Can delete size", "content_type": 14, "codename": "delete_size"}}, {"model": "auth.permission", "pk": 56, "fields": {"name": "Can view size", "content_type": 14, "codename": "view_size"}}, {"model": "auth.permission", "pk": 57, "fields": {"name": "Can add rating", "content_type": 15, "codename": "add_rating"}}, {"model": "auth.permission", "pk": 58, "fields": {"name": "Can change rating", "content_type": 15, "codename": "change_rating"}}, {"model": "auth.permission", "pk": 59, "fields": {"name": "Can delete rating", "content_type": 15, "codename": "delete_rating"}}, {"model": "auth.permission", "pk": 60, "fields": {"name": "Can view rating", "content_type": 15, "codename": "view_rating"}}, {"model": "auth.permission", "pk": 61, "fields": {"name": "Can add product color size", "content_type": 16, "codename": "add_productcolorsize"}}, {"model": "auth.permission", "pk": 62, "fields": {"name": "Can change product color size", "content_type": 16, "codename": "change_productcolorsize"}}, {"model": "auth.permission", "pk": 63, "fields": {"name": "Can delete product color size", "content_type": 16, "codename": "delete_productcolorsize"}}, {"model": "auth.permission", "pk": 64, "fields": {"name": "Can view product color size", "content_type": 16, "codename": "view_productcolorsize"}}, {"model": "auth.permission", "pk": 65, "fields": {"name": "Can add product color image", "content_type": 17, "codename": "add_productcolorimage"}}, {"model": "auth.permission", "pk": 66, "fields": {"name": "Can change product color image", "content_type": 17, "codename": "change_productcolorimage"}}, {"model": "auth.permission", "pk": 67, "fields": {"name": "Can delete product color image", "content_type": 17, "codename": "delete_productcolorimage"}}, {"model": "auth.permission", "pk": 68, "fields": {"name": "Can view product color image", "content_type": 17, "codename": "view_productcolorimage"}}, {"model": "contenttypes.contenttype", "pk": 1, "fields": {"app_label": "admin", "model": "logentry"}}, {"model": "contenttypes.contenttype", "pk": 2, "fields": {"app_label": "auth", "model": "permission"}}, {"model": "contenttypes.contenttype", "pk": 3, "fields": {"app_label": "auth", "model": "group"}}, {"model": "contenttypes.contenttype", "pk": 4, "fields": {"app_label": "contenttypes", "model": "contenttype"}}, {"model": "contenttypes.contenttype", "pk": 5, "fields": {"app_label": "sessions", "model": "session"}}, {"model": "contenttypes.contenttype", "pk": 6, "fields": {"app_label": "knox", "model": "authtoken"}}, {"model": "contenttypes.contenttype", "pk": 7, "fields": {"app_label": "django_rest_passwordreset", "model": "resetpasswordtoken"}}, {"model": "contenttypes.contenttype", "pk": 8, "fields": {"app_label": "store", "model": "user"}}, {"model": "contenttypes.contenttype", "pk": 9, "fields": {"app_label": "store", "model": "deliveryarea"}}, {"model": "contenttypes.contenttype", "pk": 10, "fields": {"app_label": "store", "model": "order"}}, {"model": "contenttypes.contenttype", "pk": 11, "fields": {"app_label": "store", "model": "orderitem"}}, {"model": "contenttypes.contenttype", "pk": 12, "fields": {"app_label": "store", "model": "product"}}, {"model": "contenttypes.contenttype", "pk": 13, "fields": {"app_label": "store", "model": "productcolor"}}, {"model": "contenttypes.contenttype", "pk": 14, "fields": {"app_label": "store", "model": "size"}}, {"model": "contenttypes.contenttype", "pk": 15, "fields": {"app_label": "store", "model": "rating"}}, {"model": "contenttypes.contenttype", "pk": 16, "fields": {"app_label": "store", "model": "productcolorsize"}}, {"model": "contenttypes.contenttype", "pk": 17, "fields": {"app_label": "store", "model": "productcolorimage"}}, {"model": "sessions.session", "pk": "0x1toz6tm25ci6uz2y60isg26gxfjdjz", "fields": {"session_data": ".eJxVjEEOwiAQRe_C2pApdBBduvcMZJgBqRpISrsy3l2bdKHb_977LxVoXUpYe5rDJOqsjDr8bpH4keoG5E711jS3usxT1Juid9r1tUl6Xnb376BQL98aDPAYATMfM42cvRcmjGTdSQAleSJ0zogdPDk0MEBEY5isWMgYR_X-APaxOAw:1nUaJ9:yNr0XiiBLRBdg1klUJbjqBdB2ifzSALRjojmLMT_fyc", "expire_date": "2022-03-30T20:31:47.144Z"}}, {"model": "sessions.session", "pk": "chsybs7o6tjesrd1dg3kglo04phako7w", "fields": {"session_data": ".eJxVjDsOwjAQRO_iGln-bGyHkp4zWLtegwPIluKkQtydREoBzRTz3sxbRFyXEtee5zixOAstTr8dYXrmugN-YL03mVpd5onkrsiDdnltnF-Xw_07KNjLtkadaMyWHRsEvQURgyc1mGD8iKBcZgCLmIi88UHDLXtk5y0EPSgrPl_7zzfp:1nS5iD:U1meRjhy9jQ6Lbree-JD_qYWpl_kR_zEcOoQ5Pa679s", "expire_date": "2022-03-23T23:27:21.226Z"}}, {"model": "store.product", "pk": 1, "fields": {"name": "Mount  Genuine Leather Monk", "description": "Mount  Genuine Leather Monk", "price": 870, "date": "2022-03-10T00:13:08.201Z"}}, {"model": "store.product", "pk": 2, "fields": {"name": "Mount  Genuine Leather Plain Toe Oxfords ", "description": "Mount  Genuine Leather Plain Toe Oxfords ", "price": 870, "date": "2022-03-10T00:13:08.201Z"}}, {"model": "store.product", "pk": 3, "fields": {"name": "Mount  Genuine Leather Brogue Shoes", "description": "Mount  Genuine Leather Brogue Shoes", "price": 790, "date": "2022-03-10T00:13:08.201Z"}}, {"model": "store.product", "pk": 4, "fields": {"name": "Mount  Genuine Leather Moc Toe Loafers", "description": "Mount  Genuine Leather Moc Toe Loafers", "price": 870, "date": "2022-03-10T00:13:08.201Z"}}, {"model": "store.product", "pk": 5, "fields": {"name": "Mount  Genuine leather Oxfords ", "description": "Mount  Genuine leather Oxfords ", "price": 870, "date": "2022-03-10T00:13:08.201Z"}}, {"model": "store.product", "pk": 8, "fields": {"name": "Mount  Suede Brogue Oxfords", "description": "Mount  Suede Brogue Oxfords", "price": 690, "date": "2022-03-10T00:13:08.201Z"}}, {"model": "store.product", "pk": 55, "fields": {"name": "Mount Genuine leather Oxfords", "description": "Mount Genuine leather Oxfords", "price": 870, "date": "2022-03-10T00:13:08.201Z"}}, {"model": "store.product", "pk": 66, "fields": {"name": "Mount  Genuine Leather Cap Toe Derbys", "description": "Mount  Genuine Leather Cap Toe Derbys", "price": 790, "date": "2022-03-10T00:13:08.201Z"}}, {"model": "store.product", "pk": 77, "fields": {"name": "Mount Genuine leather Oxfords", "description": "Mount Genuine leather Oxfords", "price": 870, "date": "2022-03-10T00:13:08.201Z"}}, {"model": "store.productcolor", "pk": 1, "fields": {"product": 1, "color": "Black"}}, {"model": "store.productcolor", "pk": 2, "fields": {"product": 1, "color": "Brown"}}, {"model": "store.productcolor", "pk": 3, "fields": {"product": 2, "color": "Black"}}, {"model": "store.productcolor", "pk": 4, "fields": {"product": 2, "color": "Brown"}}, {"model": "store.productcolor", "pk": 5, "fields": {"product": 3, "color": "Black"}}, {"model": "store.productcolor", "pk": 6, "fields": {"product": 3, "color": "Brown"}}, {"model": "store.productcolor", "pk": 7, "fields": {"product": 4, "color": "Black"}}, {"model": "store.productcolor", "pk": 8, "fields": {"product": 4, "color": "Brown"}}, {"model": "store.productcolor", "pk": 9, "fields": {"product": 5, "color": "Black"}}, {"model": "store.productcolor", "pk": 10, "fields": {"product": 5, "color": "Brown"}}, {"model": "store.productcolor", "pk": 11, "fields": {"product": 66, "color": "Black"}}, {"model": "store.productcolor", "pk": 12, "fields": {"product": 66, "color": "Brown"}}, {"model": "store.productcolor", "pk": 13, "fields": {"product": 3, "color": "Havan"}}, {"model": "store.productcolor", "pk": 14, "fields": {"product": 5, "color": "Black Verni"}}, {"model": "store.productcolor", "pk": 15, "fields": {"product": 55, "color": "Brown"}}, {"model": "store.productcolor", "pk": 16, "fields": {"product": 77, "color": "Black Verni & Nubuck"}}, {"model": "store.productcolor", "pk": 18, "fields": {"product": 8, "color": "Black"}}, {"model": "store.productcolor", "pk": 19, "fields": {"product": 8, "color": "Beige"}}, {"model": "store.productcolorimage", "pk": 1, "fields": {"image": "c0a9855e-450a-49a5-812d-fc2ce892077a_oGw8Ban.jpeg", "product_color": 1}}, {"model": "store.productcolorimage", "pk": 2, "fields": {"image": "958728ef-494d-49b8-9193-d84cf8ca5ba7.jpeg", "product_color": 1}}, {"model": "store.productcolorimage", "pk": 3, "fields": {"image": "a3cf8c34-0de5-4df6-bf33-5cdc5167ee95.jpeg", "product_color": 1}}, {"model": "store.productcolorimage", "pk": 4, "fields": {"image": "c321420f-d459-4eb0-8c44-4071dddeb25c.jpeg", "product_color": 1}}, {"model": "store.productcolorimage", "pk": 5, "fields": {"image": "bd165fb4-783c-4016-b419-18a4ca28f90b_mT284yS.jpeg", "product_color": 1}}, {"model": "store.productcolorimage", "pk": 6, "fields": {"image": "5f6a3291-1ba6-4f8b-a008-2415ba117f2d_Is8A9pQ_u6k1rST.jpeg", "product_color": 2}}, {"model": "store.productcolorimage", "pk": 7, "fields": {"image": "568ef1ac-c5f9-4f13-b797-becb893040b1.jpeg", "product_color": 2}}, {"model": "store.productcolorimage", "pk": 8, "fields": {"image": "b5cfbea1-16b3-4426-93d5-88c943c8c7f1.jpeg", "product_color": 2}}, {"model": "store.productcolorimage", "pk": 9, "fields": {"image": "a0e6a4bd-0712-4018-ad1d-3773694a99bd_Gd0lVo0_GRZtqr5.jpeg", "product_color": 2}}, {"model": "store.productcolorimage", "pk": 10, "fields": {"image": "3c41a93d-180e-4606-8de7-8c184a711636.jpeg", "product_color": 2}}, {"model": "store.productcolorimage", "pk": 11, "fields": {"image": "d59d1c01-7e5f-4a4f-bd80-fe221053a8d2_BDcYMsY_dHBddvr.jpeg", "product_color": 3}}, {"model": "store.productcolorimage", "pk": 12, "fields": {"image": "d12ada56-4e5d-4065-bdb5-a37871460616.jpeg", "product_color": 3}}, {"model": "store.productcolorimage", "pk": 13, "fields": {"image": "eae13fd0-72b6-410b-919f-35660393592b_ieutgh7_HzwhGvv.jpeg", "product_color": 3}}, {"model": "store.productcolorimage", "pk": 14, "fields": {"image": "977b207b-44e4-4bf8-acad-3d772dbd02a3.jpeg", "product_color": 3}}, {"model": "store.productcolorimage", "pk": 15, "fields": {"image": "8f1a4fe3-6ffc-4fb2-b449-75c97188cbf7_llOAYlF_2fvhKR4_vO0I7vA.jpeg", "product_color": 3}}, {"model": "store.productcolorimage", "pk": 16, "fields": {"image": "4ac39ad8-8eca-4eb7-9fa4-a177008c9e68_DJ1eFiV_mSIPvMu.jpeg", "product_color": 4}}, {"model": "store.productcolorimage", "pk": 17, "fields": {"image": "dbe84477-e80d-4b14-a122-5e0828de67ac.jpeg", "product_color": 4}}, {"model": "store.productcolorimage", "pk": 18, "fields": {"image": "4ca08d02-9340-46f6-8979-d9e93303aca0_HgdEESy_FOKG6Ae.jpeg", "product_color": 4}}, {"model": "store.productcolorimage", "pk": 19, "fields": {"image": "ad049c2c-909d-435b-a5ec-f03b9815309f.jpeg", "product_color": 4}}, {"model": "store.productcolorimage", "pk": 20, "fields": {"image": "4deb7fa8-ec08-408c-90d3-2a1ead8281cd_ysTeHzf_zkuu2Pl_ZgOhfE4.jpeg", "product_color": 4}}, {"model": "store.productcolorimage", "pk": 21, "fields": {"image": "415b7c64-666d-4f4b-a599-bf463b6cdde8_QdYpM3S_lMk0Mel.jpeg", "product_color": 5}}, {"model": "store.productcolorimage", "pk": 22, "fields": {"image": "630bd7af-1eaa-4db2-b958-0b3d76c9c364.jpeg", "product_color": 5}}, {"model": "store.productcolorimage", "pk": 23, "fields": {"image": "c33dae0f-a96a-4ae4-9481-400d362a4291_NXM9oKR_Bt0gVsT.jpeg", "product_color": 5}}, {"model": "store.productcolorimage", "pk": 24, "fields": {"image": "c769f41a-63e1-4667-ac57-8734ebf7cc8a.jpeg", "product_color": 5}}, {"model": "store.productcolorimage", "pk": 25, "fields": {"image": "f0893577-8076-4e07-b04e-249aa5385f49_I5iEruA_foZPJ04_OTbVTeb.jpeg", "product_color": 5}}, {"model": "store.productcolorimage", "pk": 26, "fields": {"image": "c087f19f-594b-43de-83de-bab870f9485c_Jguajlq_Y70u46S.jpeg", "product_color": 6}}, {"model": "store.productcolorimage", "pk": 27, "fields": {"image": "e911745c-83c0-42eb-809d-938cda0e7e1c.jpeg", "product_color": 6}}, {"model": "store.productcolorimage", "pk": 28, "fields": {"image": "acdfd264-9a9f-4b8c-86d1-0c8ec6b7c969_bHo55HV_f0kKdy1.jpeg", "product_color": 6}}, {"model": "store.productcolorimage", "pk": 29, "fields": {"image": "46047927-4bd6-4dbd-baf4-8a9315e7bfc3.jpeg", "product_color": 6}}, {"model": "store.productcolorimage", "pk": 30, "fields": {"image": "7051491b-34b2-4813-b8ff-3aba3f03d4d6_K4SwYA0_HCI5Aqj_LWJi6hO.jpeg", "product_color": 6}}, {"model": "store.productcolorimage", "pk": 31, "fields": {"image": "5872a080-ee50-4773-bde6-21b6b74b10b5_6JuBqFu_R2qGjX7.jpeg", "product_color": 13}}, {"model": "store.productcolorimage", "pk": 32, "fields": {"image": "2e98f87a-4e51-48d0-b8a2-663cbb6f1f0d.jpeg", "product_color": 13}}, {"model": "store.productcolorimage", "pk": 33, "fields": {"image": "5685c35f-65a0-47c5-8537-bfbaca4023ce_aEVsRFF_oJHsIRU.jpeg", "product_color": 13}}, {"model": "store.productcolorimage", "pk": 34, "fields": {"image": "533178d2-60da-4769-8872-029a34ad564c.jpeg", "product_color": 13}}, {"model": "store.productcolorimage", "pk": 35, "fields": {"image": "8b155143-f7c0-44a2-95ca-dd8483cbce00_rklz5tS_V7QyDES_tvFcEUO.jpeg", "product_color": 13}}, {"model": "store.productcolorimage", "pk": 36, "fields": {"image": "644d8871-ec58-45f3-b7a7-a564ab5de81a_GnjBL1s_pcbbVPH.jpeg", "product_color": 7}}, {"model": "store.productcolorimage", "pk": 37, "fields": {"image": "6d60bd9c-1e60-4b09-af94-39650065f0e9.jpeg", "product_color": 7}}, {"model": "store.productcolorimage", "pk": 38, "fields": {"image": "9f2803f6-6621-4f25-ae45-7392f6aebf85.jpeg", "product_color": 7}}, {"model": "store.productcolorimage", "pk": 39, "fields": {"image": "b286438f-4004-4654-b162-a6f328e1a4bd_wqRGlZT_JTk6bAA.jpeg", "product_color": 7}}, {"model": "store.productcolorimage", "pk": 40, "fields": {"image": "93d9f0fd-9800-4b98-a59c-81b6b831fd2a.jpeg", "product_color": 7}}, {"model": "store.productcolorimage", "pk": 41, "fields": {"image": "1540a1c4-4edb-4c02-9130-c9395be4d7c7_5eiiMxG_xxzpk28.jpeg", "product_color": 8}}, {"model": "store.productcolorimage", "pk": 42, "fields": {"image": "a3393adc-7ec3-459d-9e55-d9e870210b95.jpeg", "product_color": 8}}, {"model": "store.productcolorimage", "pk": 43, "fields": {"image": "e76d42b0-6057-4ef3-b049-b7d57c4e1679.jpeg", "product_color": 8}}, {"model": "store.productcolorimage", "pk": 44, "fields": {"image": "379a1bea-c601-43c1-a15e-9fcd3a200817_yIPdS7L_z8qRukm.jpeg", "product_color": 8}}, {"model": "store.productcolorimage", "pk": 45, "fields": {"image": "dda1f266-565a-4ed6-b00e-d3ee585d745f.jpeg", "product_color": 8}}, {"model": "store.productcolorimage", "pk": 46, "fields": {"image": "43fbaf9b-37e7-4c8a-851a-360f95735a83_wDGMBEz_eHmoclq.jpeg", "product_color": 9}}, {"model": "store.productcolorimage", "pk": 47, "fields": {"image": "d8d43a81-f6bc-4945-b819-f734f2b1ae8c.jpeg", "product_color": 9}}, {"model": "store.productcolorimage", "pk": 48, "fields": {"image": "81ddc25b-d90d-4986-91cc-c2c65cce50df_SfGxpJ8_F5OM7Q9.jpeg", "product_color": 9}}, {"model": "store.productcolorimage", "pk": 49, "fields": {"image": "3836e6d9-7269-47af-a858-baf516e5349b.jpeg", "product_color": 9}}, {"model": "store.productcolorimage", "pk": 50, "fields": {"image": "74644152-a074-425a-a694-de3b988c613f.jpeg", "product_color": 9}}, {"model": "store.productcolorimage", "pk": 51, "fields": {"image": "3c948da2-47e5-4cb2-b438-eebeb1c52e1e_It9jTOn_izQOL7b.jpeg", "product_color": 10}}, {"model": "store.productcolorimage", "pk": 52, "fields": {"image": "f797f7f3-9c75-45b5-bb78-b64b8edd5b5f_RM5ghmc_rpYd9sX.jpeg", "product_color": 10}}, {"model": "store.productcolorimage", "pk": 53, "fields": {"image": "f41b6806-4167-4b56-9ac4-d786056e70c6.jpeg", "product_color": 10}}, {"model": "store.productcolorimage", "pk": 54, "fields": {"image": "b1cda0fd-86e5-4523-b91f-b15a3e9370e0.jpeg", "product_color": 10}}, {"model": "store.productcolorimage", "pk": 55, "fields": {"image": "5d9383fb-e0cf-4b47-91a1-c1470c098a63.jpeg", "product_color": 10}}, {"model": "store.productcolorimage", "pk": 56, "fields": {"image": "deaba644-152f-463c-82d7-c77ba41fc778_0aWtCM3_xUoctpX.jpeg", "product_color": 14}}, {"model": "store.productcolorimage", "pk": 57, "fields": {"image": "91d77354-2b8d-4dba-8957-9637ce01ef6b.jpeg", "product_color": 14}}, {"model": "store.productcolorimage", "pk": 58, "fields": {"image": "c4845c29-8d4d-4d83-84c3-186ecd0f5985_c2RAQED_vbTPfNz.jpeg", "product_color": 14}}, {"model": "store.productcolorimage", "pk": 59, "fields": {"image": "b9600010-5498-4385-b1e9-a0ad3b3b6cf1.jpeg", "product_color": 14}}, {"model": "store.productcolorimage", "pk": 60, "fields": {"image": "29304b69-8103-4d7b-a332-004c557c3d2e.jpeg", "product_color": 14}}, {"model": "store.productcolorimage", "pk": 61, "fields": {"image": "7f7fb2d5-136e-42a9-96a8-29b34f640758_ACegXd9_AFjmWxP.jpeg", "product_color": 11}}, {"model": "store.productcolorimage", "pk": 62, "fields": {"image": "3d24a749-0d7c-4262-9095-0ab0650ffd18.jpeg", "product_color": 11}}, {"model": "store.productcolorimage", "pk": 63, "fields": {"image": "ffbb567e-c844-4b46-bc51-ae1b27b01ca2_wCBoQua_TL2srqY.jpeg", "product_color": 11}}, {"model": "store.productcolorimage", "pk": 64, "fields": {"image": "14bd5759-ad9e-40dd-9ce4-253976ff0035.jpeg", "product_color": 11}}, {"model": "store.productcolorimage", "pk": 65, "fields": {"image": "8456869d-69c0-45a8-bb53-332e3e574f2e.jpeg", "product_color": 11}}, {"model": "store.productcolorimage", "pk": 66, "fields": {"image": "60209b02-0537-428a-a813-3b8bdbbf0d29_Nbah0iD_Tgdjgrf.jpeg", "product_color": 12}}, {"model": "store.productcolorimage", "pk": 67, "fields": {"image": "3e9bf0b4-f624-4487-9ede-c28ed8dbe444.jpeg", "product_color": 12}}, {"model": "store.productcolorimage", "pk": 68, "fields": {"image": "7d807c8d-282c-4f74-b9d4-16950984f9d9_HzuBUpj_0FBWUeB.jpeg", "product_color": 12}}, {"model": "store.productcolorimage", "pk": 69, "fields": {"image": "a4f39a6e-f9a7-422d-a031-eac6b309eca7.jpeg", "product_color": 12}}, {"model": "store.productcolorimage", "pk": 70, "fields": {"image": "dfead9f8-2662-4748-b8ed-45bd0696d67d.jpeg", "product_color": 12}}, {"model": "store.productcolorimage", "pk": 71, "fields": {"image": "e91101cd-1dd2-4702-9abb-624019cfdda8_4aOfAnf_kXQHfbX.jpeg", "product_color": 16}}, {"model": "store.productcolorimage", "pk": 72, "fields": {"image": "9cf25545-61e5-439d-8289-256a1396e097.jpeg", "product_color": 16}}, {"model": "store.productcolorimage", "pk": 73, "fields": {"image": "76e70a1c-50b8-4925-9fb0-aae125216054_4GNyTou_iubcTlK.jpeg", "product_color": 16}}, {"model": "store.productcolorimage", "pk": 74, "fields": {"image": "f5fa2406-50db-4dfb-a79a-111accb39b7a.jpeg", "product_color": 16}}, {"model": "store.productcolorimage", "pk": 75, "fields": {"image": "39ecdb9f-b891-47f7-9d78-c874d13c2a3b.jpeg", "product_color": 16}}, {"model": "store.productcolorimage", "pk": 76, "fields": {"image": "3ec7449c-077b-4ba1-8916-ff14dfc37802_oDJ7KNX_g0do0VS.jpeg", "product_color": 18}}, {"model": "store.productcolorimage", "pk": 77, "fields": {"image": "ccc46f31-bd1f-4194-8aa2-f0140f1076e0.jpeg", "product_color": 18}}, {"model": "store.productcolorimage", "pk": 78, "fields": {"image": "7288b92f-960a-47d9-b378-194bbc3bb6b5_ICEHUDE_ed7AHDP.jpeg", "product_color": 18}}, {"model": "store.productcolorimage", "pk": 79, "fields": {"image": "a1613c21-a760-481a-aa3b-f6f0f75afddf.jpeg", "product_color": 18}}, {"model": "store.productcolorimage", "pk": 80, "fields": {"image": "0d09b80a-9c19-4968-9740-741a3ab8e66c.jpeg", "product_color": 18}}, {"model": "store.productcolorimage", "pk": 81, "fields": {"image": "9c771c5f-0674-44b9-8387-54d8c80ae616_3F83AGQ_KzlgLYe.jpeg", "product_color": 19}}, {"model": "store.productcolorimage", "pk": 82, "fields": {"image": "3738d867-3dfb-459c-9b6a-59810168006a.jpeg", "product_color": 19}}, {"model": "store.productcolorimage", "pk": 83, "fields": {"image": "cb812e79-8a6d-4ed6-897f-3f6cc8c117ec_prKPAlp_0XiIk72.jpeg", "product_color": 19}}, {"model": "store.productcolorimage", "pk": 84, "fields": {"image": "eb944992-ab1a-49e7-ad36-05d25d44dbd5.jpeg", "product_color": 19}}, {"model": "store.productcolorimage", "pk": 85, "fields": {"image": "e48ed3d7-ed53-40dc-9213-4cdc687b27d5.jpeg", "product_color": 19}}, {"model": "store.productcolorimage", "pk": 86, "fields": {"image": "70c1c3f6-b268-4882-ab1c-d3aee345335c_bZb14ZA_KLr8iv8.jpeg", "product_color": 15}}, {"model": "store.productcolorimage", "pk": 87, "fields": {"image": "23ec158e-5ed5-423d-a8d3-f85513a5da26.jpeg", "product_color": 15}}, {"model": "store.productcolorimage", "pk": 88, "fields": {"image": "7da5721b-93a9-4aaf-9dff-db1252ebd7f2_1hdH2IQ_mMSeFjn.jpeg", "product_color": 15}}, {"model": "store.productcolorimage", "pk": 89, "fields": {"image": "794084b6-dedb-47e8-a3d7-98162ae4b9e0.jpeg", "product_color": 15}}, {"model": "store.productcolorimage", "pk": 90, "fields": {"image": "39810cf5-2404-4d75-97c0-2f0f491db48b.jpeg", "product_color": 15}}, {"model": "store.size", "pk": 40, "fields": {}}, {"model": "store.size", "pk": 41, "fields": {}}, {"model": "store.size", "pk": 42, "fields": {}}, {"model": "store.size", "pk": 43, "fields": {}}, {"model": "store.size", "pk": 44, "fields": {}}, {"model": "store.size", "pk": 45, "fields": {}}, {"model": "store.productcolorsize", "pk": 1, "fields": {"color": 1, "size": 40, "quantity": 0}}, {"model": "store.productcolorsize", "pk": 2, "fields": {"color": 2, "size": 40, "quantity": 0}}, {"model": "store.productcolorsize", "pk": 3, "fields": {"color": 3, "size": 40, "quantity": 0}}, {"model": "store.productcolorsize", "pk": 4, "fields": {"color": 4, "size": 40, "quantity": 0}}, {"model": "store.productcolorsize", "pk": 5, "fields": {"color": 5, "size": 40, "quantity": 0}}, {"model": "store.productcolorsize", "pk": 6, "fields": {"color": 6, "size": 40, "quantity": 0}}, {"model": "store.productcolorsize", "pk": 7, "fields": {"color": 13, "size": 40, "quantity": 0}}, {"model": "store.productcolorsize", "pk": 8, "fields": {"color": 7, "size": 40, "quantity": 0}}, {"model": "store.productcolorsize", "pk": 9, "fields": {"color": 8, "size": 40, "quantity": 0}}, {"model": "store.productcolorsize", "pk": 10, "fields": {"color": 9, "size": 40, "quantity": 0}}, {"model": "store.productcolorsize", "pk": 11, "fields": {"color": 14, "size": 40, "quantity": 0}}, {"model": "store.productcolorsize", "pk": 12, "fields": {"color": 10, "size": 40, "quantity": 0}}, {"model": "store.productcolorsize", "pk": 13, "fields": {"color": 19, "size": 40, "quantity": 0}}, {"model": "store.productcolorsize", "pk": 14, "fields": {"color": 18, "size": 40, "quantity": 0}}, {"model": "store.productcolorsize", "pk": 15, "fields": {"color": 15, "size": 40, "quantity": 0}}, {"model": "store.productcolorsize", "pk": 16, "fields": {"color": 11, "size": 40, "quantity": 0}}, {"model": "store.productcolorsize", "pk": 17, "fields": {"color": 12, "size": 40, "quantity": 0}}, {"model": "store.productcolorsize", "pk": 18, "fields": {"color": 16, "size": 40, "quantity": 0}}, {"model": "store.productcolorsize", "pk": 20, "fields": {"color": 1, "size": 41, "quantity": 0}}, {"model": "store.productcolorsize", "pk": 21, "fields": {"color": 2, "size": 41, "quantity": 0}}, {"model": "store.productcolorsize", "pk": 22, "fields": {"color": 3, "size": 41, "quantity": 0}}, {"model": "store.productcolorsize", "pk": 23, "fields": {"color": 4, "size": 41, "quantity": 0}}, {"model": "store.productcolorsize", "pk": 24, "fields": {"color": 5, "size": 41, "quantity": 0}}, {"model": "store.productcolorsize", "pk": 25, "fields": {"color": 6, "size": 41, "quantity": 0}}, {"model": "store.productcolorsize", "pk": 26, "fields": {"color": 13, "size": 41, "quantity": 0}}, {"model": "store.productcolorsize", "pk": 27, "fields": {"color": 7, "size": 41, "quantity": 0}}, {"model": "store.productcolorsize", "pk": 28, "fields": {"color": 8, "size": 41, "quantity": 0}}, {"model": "store.productcolorsize", "pk": 29, "fields": {"color": 9, "size": 41, "quantity": 0}}, {"model": "store.productcolorsize", "pk": 30, "fields": {"color": 14, "size": 41, "quantity": 0}}, {"model": "store.productcolorsize", "pk": 31, "fields": {"color": 10, "size": 41, "quantity": 0}}, {"model": "store.productcolorsize", "pk": 32, "fields": {"color": 19, "size": 41, "quantity": 0}}, {"model": "store.productcolorsize", "pk": 33, "fields": {"color": 18, "size": 41, "quantity": 0}}, {"model": "store.productcolorsize", "pk": 34, "fields": {"color": 15, "size": 41, "quantity": 0}}, {"model": "store.productcolorsize", "pk": 35, "fields": {"color": 11, "size": 41, "quantity": 0}}, {"model": "store.productcolorsize", "pk": 36, "fields": {"color": 12, "size": 41, "quantity": 0}}, {"model": "store.productcolorsize", "pk": 37, "fields": {"color": 16, "size": 41, "quantity": 0}}, {"model": "store.productcolorsize", "pk": 39, "fields": {"color": 1, "size": 42, "quantity": 0}}, {"model": "store.productcolorsize", "pk": 40, "fields": {"color": 2, "size": 42, "quantity": 0}}, {"model": "store.productcolorsize", "pk": 41, "fields": {"color": 3, "size": 42, "quantity": 0}}, {"model": "store.productcolorsize", "pk": 42, "fields": {"color": 4, "size": 42, "quantity": 0}}, {"model": "store.productcolorsize", "pk": 43, "fields": {"color": 5, "size": 42, "quantity": 0}}, {"model": "store.productcolorsize", "pk": 44, "fields": {"color": 6, "size": 42, "quantity": 0}}, {"model": "store.productcolorsize", "pk": 45, "fields": {"color": 13, "size": 42, "quantity": 0}}, {"model": "store.productcolorsize", "pk": 46, "fields": {"color": 7, "size": 42, "quantity": 0}}, {"model": "store.productcolorsize", "pk": 47, "fields": {"color": 8, "size": 42, "quantity": 0}}, {"model": "store.productcolorsize", "pk": 48, "fields": {"color": 9, "size": 42, "quantity": 0}}, {"model": "store.productcolorsize", "pk": 49, "fields": {"color": 14, "size": 42, "quantity": 0}}, {"model": "store.productcolorsize", "pk": 50, "fields": {"color": 10, "size": 42, "quantity": 0}}, {"model": "store.productcolorsize", "pk": 51, "fields": {"color": 19, "size": 42, "quantity": 0}}, {"model": "store.productcolorsize", "pk": 52, "fields": {"color": 18, "size": 42, "quantity": 0}}, {"model": "store.productcolorsize", "pk": 53, "fields": {"color": 15, "size": 42, "quantity": 0}}, {"model": "store.productcolorsize", "pk": 54, "fields": {"color": 11, "size": 42, "quantity": 0}}, {"model": "store.productcolorsize", "pk": 55, "fields": {"color": 12, "size": 42, "quantity": 0}}, {"model": "store.productcolorsize", "pk": 56, "fields": {"color": 16, "size": 42, "quantity": 0}}, {"model": "store.productcolorsize", "pk": 58, "fields": {"color": 1, "size": 43, "quantity": 0}}, {"model": "store.productcolorsize", "pk": 59, "fields": {"color": 2, "size": 43, "quantity": 0}}, {"model": "store.productcolorsize", "pk": 60, "fields": {"color": 3, "size": 43, "quantity": 0}}, {"model": "store.productcolorsize", "pk": 61, "fields": {"color": 4, "size": 43, "quantity": 0}}, {"model": "store.productcolorsize", "pk": 62, "fields": {"color": 5, "size": 43, "quantity": 0}}, {"model": "store.productcolorsize", "pk": 63, "fields": {"color": 6, "size": 43, "quantity": 0}}, {"model": "store.productcolorsize", "pk": 64, "fields": {"color": 13, "size": 43, "quantity": 0}}, {"model": "store.productcolorsize", "pk": 65, "fields": {"color": 7, "size": 43, "quantity": 0}}, {"model": "store.productcolorsize", "pk": 66, "fields": {"color": 8, "size": 43, "quantity": 0}}, {"model": "store.productcolorsize", "pk": 67, "fields": {"color": 9, "size": 43, "quantity": 0}}, {"model": "store.productcolorsize", "pk": 68, "fields": {"color": 14, "size": 43, "quantity": 0}}, {"model": "store.productcolorsize", "pk": 69, "fields": {"color": 10, "size": 43, "quantity": 0}}, {"model": "store.productcolorsize", "pk": 70, "fields": {"color": 19, "size": 43, "quantity": 0}}, {"model": "store.productcolorsize", "pk": 71, "fields": {"color": 18, "size": 43, "quantity": 0}}, {"model": "store.productcolorsize", "pk": 72, "fields": {"color": 15, "size": 43, "quantity": 0}}, {"model": "store.productcolorsize", "pk": 73, "fields": {"color": 11, "size": 43, "quantity": 0}}, {"model": "store.productcolorsize", "pk": 74, "fields": {"color": 12, "size": 43, "quantity": 0}}, {"model": "store.productcolorsize", "pk": 75, "fields": {"color": 16, "size": 43, "quantity": 0}}, {"model": "store.productcolorsize", "pk": 77, "fields": {"color": 1, "size": 44, "quantity": 0}}, {"model": "store.productcolorsize", "pk": 78, "fields": {"color": 2, "size": 44, "quantity": 0}}, {"model": "store.productcolorsize", "pk": 79, "fields": {"color": 3, "size": 44, "quantity": 0}}, {"model": "store.productcolorsize", "pk": 80, "fields": {"color": 4, "size": 44, "quantity": 0}}, {"model": "store.productcolorsize", "pk": 81, "fields": {"color": 5, "size": 44, "quantity": 0}}, {"model": "store.productcolorsize", "pk": 82, "fields": {"color": 6, "size": 44, "quantity": 0}}, {"model": "store.productcolorsize", "pk": 83, "fields": {"color": 13, "size": 44, "quantity": 0}}, {"model": "store.productcolorsize", "pk": 84, "fields": {"color": 7, "size": 44, "quantity": 0}}, {"model": "store.productcolorsize", "pk": 85, "fields": {"color": 8, "size": 44, "quantity": 0}}, {"model": "store.productcolorsize", "pk": 86, "fields": {"color": 9, "size": 44, "quantity": 0}}, {"model": "store.productcolorsize", "pk": 87, "fields": {"color": 14, "size": 44, "quantity": 0}}, {"model": "store.productcolorsize", "pk": 88, "fields": {"color": 10, "size": 44, "quantity": 0}}, {"model": "store.productcolorsize", "pk": 89, "fields": {"color": 19, "size": 44, "quantity": 0}}, {"model": "store.productcolorsize", "pk": 90, "fields": {"color": 18, "size": 44, "quantity": 0}}, {"model": "store.productcolorsize", "pk": 91, "fields": {"color": 15, "size": 44, "quantity": 0}}, {"model": "store.productcolorsize", "pk": 92, "fields": {"color": 11, "size": 44, "quantity": 0}}, {"model": "store.productcolorsize", "pk": 93, "fields": {"color": 12, "size": 44, "quantity": 0}}, {"model": "store.productcolorsize", "pk": 94, "fields": {"color": 16, "size": 44, "quantity": 0}}, {"model": "store.productcolorsize", "pk": 96, "fields": {"color": 1, "size": 45, "quantity": 0}}, {"model": "store.productcolorsize", "pk": 97, "fields": {"color": 2, "size": 45, "quantity": 0}}, {"model": "store.productcolorsize", "pk": 98, "fields": {"color": 3, "size": 45, "quantity": 0}}, {"model": "store.productcolorsize", "pk": 99, "fields": {"color": 4, "size": 45, "quantity": 0}}, {"model": "store.productcolorsize", "pk": 100, "fields": {"color": 5, "size": 45, "quantity": 0}}, {"model": "store.productcolorsize", "pk": 101, "fields": {"color": 6, "size": 45, "quantity": 0}}, {"model": "store.productcolorsize", "pk": 102, "fields": {"color": 13, "size": 45, "quantity": 0}}, {"model": "store.productcolorsize", "pk": 103, "fields": {"color": 7, "size": 45, "quantity": 0}}, {"model": "store.productcolorsize", "pk": 104, "fields": {"color": 8, "size": 45, "quantity": 0}}, {"model": "store.productcolorsize", "pk": 105, "fields": {"color": 9, "size": 45, "quantity": 0}}, {"model": "store.productcolorsize", "pk": 106, "fields": {"color": 14, "size": 45, "quantity": 0}}, {"model": "store.productcolorsize", "pk": 107, "fields": {"color": 10, "size": 45, "quantity": 0}}, {"model": "store.productcolorsize", "pk": 108, "fields": {"color": 19, "size": 45, "quantity": 0}}, {"model": "store.productcolorsize", "pk": 109, "fields": {"color": 18, "size": 45, "quantity": 0}}, {"model": "store.productcolorsize", "pk": 110, "fields": {"color": 15, "size": 45, "quantity": 0}}, {"model": "store.productcolorsize", "pk": 111, "fields": {"color": 11, "size": 45, "quantity": 0}}, {"model": "store.productcolorsize", "pk": 112, "fields": {"color": 12, "size": 45, "quantity": 0}}, {"model": "store.productcolorsize", "pk": 113, "fields": {"color": 16, "size": 45, "quantity": 0}}, {"model": "store.deliveryarea", "pk": 1, "fields": {"area": "القاهرة والجيزة", "delivery_fees": 45}}, {"model": "store.deliveryarea", "pk": 2, "fields": {"area": "أكتوبر - التجمعات - الشروق - العبور - الرحاب - أطراف القاهرة والجيزة", "delivery_fees": 50}}, {"model": "store.deliveryarea", "pk": 3, "fields": {"area": "دمياط - القليوبية - المنوفية - الغربية - طنطا - الدقهلية - كفر الشيخ", "delivery_fees": 70}}, {"model": "store.deliveryarea", "pk": 4, "fields": {"area": "الاسكندرية - البحيرة", "delivery_fees": 70}}, {"model": "store.deliveryarea", "pk": 5, "fields": {"area": "الشرقية - السويس - الاسماعيلية - بورسعيد", "delivery_fees": 70}}, {"model": "store.deliveryarea", "pk": 6, "fields": {"area": "الفيوم - بني سويف", "delivery_fees": 80}}, {"model": "store.deliveryarea", "pk": 7, "fields": {"area": "المنيا - أسيوط - سوهاج", "delivery_fees": 90}}, {"model": "store.deliveryarea", "pk": 8, "fields": {"area": "مرسى مطروح - مارينا - الساحل الشمالي - العين السخنة", "delivery_fees": 90}}, {"model": "store.deliveryarea", "pk": 9, "fields": {"area": "قنا - الأقصر - أسوان - الغردقة - شرم الشيخ", "delivery_fees": 100}}, {"model": "store.deliveryarea", "pk": 10, "fields": {"area": "سفاجا - القصير - رأس غارب - مكادى - الممشى السياحي", "delivery_fees": 160}}, {"model": "store.deliveryarea", "pk": 11, "fields": {"area": "سوما باي - سهل حشيش - الطور - دهب - نويبع - مرسى علم", "delivery_fees": 160}}, {"model": "store.deliveryarea", "pk": 12, "fields": {"area": "الواحات الخارجة", "delivery_fees": 160}}, {"model": "store.user", "pk": 1, "fields": {"last_login": "2022-03-09T23:27:21.221Z", "is_superuser": true, "Name": "", "password": "pbkdf2_sha256$260000$7K2uWQEq0m0BWHGwrcqFeS$fLwyaYYzGUW7Aj6hxunf2T7U2IqRcf15HiiTtMLQ36Y=", "password2": "", "email": "admin@example.com", "address": "", "phone_number": "", "is_staff": true, "is_active": true, "date_joined": "2022-03-09T23:17:44.297Z", "groups": [], "user_permissions": []}}, {"model": "store.user", "pk": 2, "fields": {"last_login": "2022-03-16T20:31:47.040Z", "is_superuser": true, "Name": "", "password": "pbkdf2_sha256$260000$YZWpY7BHhfXUtGEWXpjsCO$DcMINKFiEW/2eFDYsZ5wTh5hiEmD4753h7qMc9CtGg8=", "password2": "", "email": "youmna@gmail.com", "address": "", "phone_number": "", "is_staff": true, "is_active": true, "date_joined": "2022-03-16T20:31:38.610Z", "groups": [], "user_permissions": []}}]